id,route_id,passenger,date
1,179,81,15/11/2021
2,846,186,15/11/2021
3,238,293,15/11/2021
4,345,56,15/11/2021
5,281,140,15/11/2021
6,710,238,15/11/2021
7,786,208,15/11/2021
8,591,84,15/11/2021
9,698,292,15/11/2021
10,658,300,15/11/2021
11,74,139,15/11/2021
12,220,261,15/11/2021
13,793,141,15/11/2021
14,668,199,15/11/2021
15,648,193,15/11/2021
16,725,273,15/11/2021
17,518,234,15/11/2021
18,313,66,15/11/2021
19,168,88,15/11/2021
20,267,110,15/11/2021
21,348,113,15/11/2021
22,165,116,15/11/2021
23,765,257,15/11/2021
24,788,178,15/11/2021
25,650,154,15/11/2021
26,777,71,15/11/2021
27,780,102,15/11/2021
28,598,87,15/11/2021
29,259,203,15/11/2021
30,381,208,15/11/2021
31,589,154,15/11/2021
32,442,186,15/11/2021
33,438,185,15/11/2021
34,505,77,15/11/2021
35,59,244,15/11/2021
36,650,180,15/11/2021
37,699,295,15/11/2021
38,312,149,15/11/2021
39,210,234,15/11/2021
40,144,206,15/11/2021
41,76,85,15/11/2021
42,261,236,15/11/2021
43,33,67,15/11/2021
44,163,173,15/11/2021
45,435,121,15/11/2021
46,731,128,15/11/2021
47,140,248,15/11/2021
48,41,239,15/11/2021
49,163,207,15/11/2021
50,702,55,15/11/2021
51,722,98,15/11/2021
52,598,206,15/11/2021
53,686,165,15/11/2021
54,760,237,15/11/2021
55,276,54,15/11/2021
56,61,299,15/11/2021
57,483,230,15/11/2021
58,417,87,15/11/2021
59,453,77,15/11/2021
60,808,193,15/11/2021
61,154,178,15/11/2021
62,659,95,15/11/2021
63,236,284,15/11/2021
64,449,300,15/11/2021
65,840,103,15/11/2021
66,388,299,15/11/2021
67,158,100,15/11/2021
68,675,177,15/11/2021
69,35,254,15/11/2021
70,413,179,15/11/2021
71,437,127,15/11/2021
72,328,259,15/11/2021
73,628,229,15/11/2021
74,669,283,15/11/2021
75,284,238,15/11/2021
76,561,57,15/11/2021
77,633,297,15/11/2021
78,31,166,15/11/2021
79,211,262,15/11/2021
80,243,199,15/11/2021
81,340,270,15/11/2021
82,429,266,15/11/2021
83,162,300,15/11/2021
84,656,282,15/11/2021
85,20,56,15/11/2021
86,806,268,15/11/2021
87,148,98,15/11/2021
88,352,85,15/11/2021
89,336,263,15/11/2021
90,591,220,15/11/2021
91,151,92,15/11/2021
92,132,175,15/11/2021
93,653,142,15/11/2021
94,754,209,15/11/2021
95,595,180,15/11/2021
96,677,214,15/11/2021
97,767,109,15/11/2021
98,106,195,15/11/2021
99,574,185,15/11/2021
100,659,289,15/11/2021
101,436,106,16/11/2021
102,307,88,16/11/2021
103,605,82,16/11/2021
104,397,79,16/11/2021
105,139,86,16/11/2021
106,640,63,16/11/2021
107,465,64,16/11/2021
108,416,61,16/11/2021
109,125,139,16/11/2021
110,284,222,16/11/2021
111,355,163,16/11/2021
112,299,125,16/11/2021
113,601,103,16/11/2021
114,367,162,16/11/2021
115,569,225,16/11/2021
116,540,293,16/11/2021
117,231,184,16/11/2021
118,52,207,16/11/2021
119,318,173,16/11/2021
120,253,158,16/11/2021
121,550,240,16/11/2021
122,425,285,16/11/2021
123,442,242,16/11/2021
124,285,278,16/11/2021
125,71,268,16/11/2021
126,660,172,16/11/2021
127,801,208,16/11/2021
128,51,163,16/11/2021
129,221,141,16/11/2021
130,744,282,16/11/2021
131,105,94,16/11/2021
132,528,86,16/11/2021
133,244,284,16/11/2021
134,725,231,16/11/2021
135,845,216,16/11/2021
136,671,156,16/11/2021
137,745,170,16/11/2021
138,219,87,16/11/2021
139,121,106,16/11/2021
140,114,59,16/11/2021
141,154,198,16/11/2021
142,381,210,16/11/2021
143,526,179,16/11/2021
144,348,155,16/11/2021
145,239,166,16/11/2021
146,233,141,16/11/2021
147,165,295,16/11/2021
148,587,80,16/11/2021
149,148,275,16/11/2021
150,425,131,16/11/2021
151,718,211,16/11/2021
152,709,73,16/11/2021
153,439,202,16/11/2021
154,795,219,16/11/2021
155,788,124,16/11/2021
156,594,267,16/11/2021
157,626,115,16/11/2021
158,531,57,16/11/2021
159,732,195,16/11/2021
160,796,149,16/11/2021
161,188,180,16/11/2021
162,71,203,16/11/2021
163,751,277,16/11/2021
164,378,80,16/11/2021
165,846,174,16/11/2021
166,466,178,16/11/2021
167,722,282,16/11/2021
168,525,70,16/11/2021
169,410,133,16/11/2021
170,794,93,16/11/2021
171,6,183,16/11/2021
172,462,154,16/11/2021
173,409,71,16/11/2021
174,65,256,16/11/2021
175,182,174,16/11/2021
176,16,235,16/11/2021
177,178,101,16/11/2021
178,851,258,16/11/2021
179,490,279,16/11/2021
180,716,88,16/11/2021
181,116,106,16/11/2021
182,189,236,16/11/2021
183,540,125,16/11/2021
184,802,137,16/11/2021
185,424,239,16/11/2021
186,520,253,16/11/2021
187,442,115,16/11/2021
188,286,133,16/11/2021
189,529,200,16/11/2021
190,585,93,16/11/2021
191,16,209,16/11/2021
192,814,162,16/11/2021
193,758,189,16/11/2021
194,297,162,16/11/2021
195,359,69,16/11/2021
196,780,167,16/11/2021
197,339,206,16/11/2021
198,146,87,16/11/2021
199,591,92,16/11/2021
200,636,142,16/11/2021
201,537,51,17/11/2021
202,108,232,17/11/2021
203,179,163,17/11/2021
204,232,69,17/11/2021
205,657,109,17/11/2021
206,794,275,17/11/2021
207,307,190,17/11/2021
208,84,164,17/11/2021
209,337,159,17/11/2021
210,141,145,17/11/2021
211,361,240,17/11/2021
212,357,259,17/11/2021
213,380,216,17/11/2021
214,94,186,17/11/2021
215,703,259,17/11/2021
216,231,239,17/11/2021
217,742,214,17/11/2021
218,485,144,17/11/2021
219,106,83,17/11/2021
220,852,155,17/11/2021
221,406,91,17/11/2021
222,134,233,17/11/2021
223,584,241,17/11/2021
224,118,184,17/11/2021
225,178,267,17/11/2021
226,539,298,17/11/2021
227,848,102,17/11/2021
228,196,94,17/11/2021
229,36,239,17/11/2021
230,354,295,17/11/2021
231,369,72,17/11/2021
232,132,158,17/11/2021
233,824,147,17/11/2021
234,190,57,17/11/2021
235,290,280,17/11/2021
236,576,243,17/11/2021
237,98,287,17/11/2021
238,592,269,17/11/2021
239,63,59,17/11/2021
240,31,159,17/11/2021
241,440,240,17/11/2021
242,845,228,17/11/2021
243,267,272,17/11/2021
244,358,85,17/11/2021
245,818,112,17/11/2021
246,544,137,17/11/2021
247,815,85,17/11/2021
248,698,282,17/11/2021
249,568,99,17/11/2021
250,521,152,17/11/2021
251,666,107,17/11/2021
252,612,79,17/11/2021
253,305,157,17/11/2021
254,131,271,17/11/2021
255,44,213,17/11/2021
256,343,238,17/11/2021
257,15,156,17/11/2021
258,205,110,17/11/2021
259,692,170,17/11/2021
260,166,99,17/11/2021
261,89,267,17/11/2021
262,345,151,17/11/2021
263,278,176,17/11/2021
264,230,233,17/11/2021
265,105,138,17/11/2021
266,323,78,17/11/2021
267,690,208,17/11/2021
268,187,58,17/11/2021
269,492,235,17/11/2021
270,703,158,17/11/2021
271,451,295,17/11/2021
272,782,93,17/11/2021
273,481,77,17/11/2021
274,62,126,17/11/2021
275,510,64,17/11/2021
276,250,200,17/11/2021
277,731,80,17/11/2021
278,48,244,17/11/2021
279,669,291,17/11/2021
280,477,291,17/11/2021
281,504,272,17/11/2021
282,598,271,17/11/2021
283,129,253,17/11/2021
284,405,66,17/11/2021
285,22,108,17/11/2021
286,479,87,17/11/2021
287,806,268,17/11/2021
288,419,133,17/11/2021
289,513,158,17/11/2021
290,3,176,17/11/2021
291,308,149,17/11/2021
292,848,275,17/11/2021
293,472,251,17/11/2021
294,537,189,17/11/2021
295,495,75,17/11/2021
296,51,211,17/11/2021
297,676,116,17/11/2021
298,303,81,17/11/2021
299,293,196,17/11/2021
300,563,105,17/11/2021
301,680,76,18/11/2021
302,398,200,18/11/2021
303,67,68,18/11/2021
304,485,80,18/11/2021
305,800,53,18/11/2021
306,59,186,18/11/2021
307,799,233,18/11/2021
308,98,112,18/11/2021
309,168,86,18/11/2021
310,324,133,18/11/2021
311,588,129,18/11/2021
312,752,65,18/11/2021
313,308,222,18/11/2021
314,763,168,18/11/2021
315,531,97,18/11/2021
316,44,219,18/11/2021
317,662,278,18/11/2021
318,650,266,18/11/2021
319,560,233,18/11/2021
320,219,205,18/11/2021
321,494,141,18/11/2021
322,820,143,18/11/2021
323,786,179,18/11/2021
324,579,81,18/11/2021
325,790,264,18/11/2021
326,564,249,18/11/2021
327,766,191,18/11/2021
328,390,207,18/11/2021
329,545,78,18/11/2021
330,565,145,18/11/2021
331,60,255,18/11/2021
332,197,153,18/11/2021
333,270,299,18/11/2021
334,274,208,18/11/2021
335,841,201,18/11/2021
336,696,217,18/11/2021
337,737,162,18/11/2021
338,157,140,18/11/2021
339,732,152,18/11/2021
340,727,202,18/11/2021
341,811,139,18/11/2021
342,600,189,18/11/2021
343,781,97,18/11/2021
344,393,264,18/11/2021
345,759,289,18/11/2021
346,191,159,18/11/2021
347,588,140,18/11/2021
348,116,108,18/11/2021
349,748,99,18/11/2021
350,12,262,18/11/2021
351,526,147,18/11/2021
352,265,141,18/11/2021
353,240,205,18/11/2021
354,267,166,18/11/2021
355,441,55,18/11/2021
356,264,273,18/11/2021
357,222,275,18/11/2021
358,490,139,18/11/2021
359,732,186,18/11/2021
360,840,86,18/11/2021
361,229,196,18/11/2021
362,330,273,18/11/2021
363,18,91,18/11/2021
364,33,51,18/11/2021
365,764,69,18/11/2021
366,97,125,18/11/2021
367,342,155,18/11/2021
368,269,162,18/11/2021
369,477,224,18/11/2021
370,275,191,18/11/2021
371,323,64,18/11/2021
372,671,289,18/11/2021
373,20,263,18/11/2021
374,319,134,18/11/2021
375,631,68,18/11/2021
376,311,123,18/11/2021
377,583,113,18/11/2021
378,732,206,18/11/2021
379,645,135,18/11/2021
380,506,275,18/11/2021
381,113,278,18/11/2021
382,707,125,18/11/2021
383,174,264,18/11/2021
384,10,250,18/11/2021
385,429,171,18/11/2021
386,727,144,18/11/2021
387,748,159,18/11/2021
388,453,136,18/11/2021
389,731,100,18/11/2021
390,629,275,18/11/2021
391,368,55,18/11/2021
392,772,90,18/11/2021
393,360,137,18/11/2021
394,655,161,18/11/2021
395,852,230,18/11/2021
396,685,262,18/11/2021
397,770,140,18/11/2021
398,58,238,18/11/2021
399,535,277,18/11/2021
400,681,263,18/11/2021
401,749,234,19/11/2021
402,613,126,19/11/2021
403,165,271,19/11/2021
404,549,128,19/11/2021
405,750,173,19/11/2021
406,232,109,19/11/2021
407,51,226,19/11/2021
408,478,74,19/11/2021
409,250,285,19/11/2021
410,329,247,19/11/2021
411,263,65,19/11/2021
412,360,64,19/11/2021
413,631,248,19/11/2021
414,793,289,19/11/2021
415,572,158,19/11/2021
416,447,55,19/11/2021
417,200,111,19/11/2021
418,11,290,19/11/2021
419,363,287,19/11/2021
420,847,128,19/11/2021
421,189,276,19/11/2021
422,714,86,19/11/2021
423,259,127,19/11/2021
424,325,220,19/11/2021
425,447,85,19/11/2021
426,181,65,19/11/2021
427,456,82,19/11/2021
428,77,123,19/11/2021
429,239,200,19/11/2021
430,480,60,19/11/2021
431,620,105,19/11/2021
432,290,222,19/11/2021
433,649,246,19/11/2021
434,425,172,19/11/2021
435,336,150,19/11/2021
436,91,190,19/11/2021
437,74,266,19/11/2021
438,839,80,19/11/2021
439,763,79,19/11/2021
440,417,275,19/11/2021
441,318,294,19/11/2021
442,62,273,19/11/2021
443,144,271,19/11/2021
444,344,120,19/11/2021
445,11,130,19/11/2021
446,127,268,19/11/2021
447,177,154,19/11/2021
448,227,83,19/11/2021
449,149,134,19/11/2021
450,604,84,19/11/2021
451,851,117,19/11/2021
452,685,102,19/11/2021
453,409,255,19/11/2021
454,43,149,19/11/2021
455,442,119,19/11/2021
456,555,94,19/11/2021
457,764,250,19/11/2021
458,821,232,19/11/2021
459,676,228,19/11/2021
460,171,123,19/11/2021
461,535,66,19/11/2021
462,839,241,19/11/2021
463,739,155,19/11/2021
464,763,202,19/11/2021
465,311,168,19/11/2021
466,557,146,19/11/2021
467,622,56,19/11/2021
468,100,286,19/11/2021
469,633,194,19/11/2021
470,377,85,19/11/2021
471,722,289,19/11/2021
472,244,129,19/11/2021
473,745,194,19/11/2021
474,65,235,19/11/2021
475,64,62,19/11/2021
476,93,92,19/11/2021
477,588,187,19/11/2021
478,82,282,19/11/2021
479,492,112,19/11/2021
480,109,198,19/11/2021
481,804,60,19/11/2021
482,813,278,19/11/2021
483,166,274,19/11/2021
484,515,248,19/11/2021
485,251,92,19/11/2021
486,694,286,19/11/2021
487,53,228,19/11/2021
488,504,240,19/11/2021
489,176,260,19/11/2021
490,161,141,19/11/2021
491,631,118,19/11/2021
492,280,76,19/11/2021
493,495,138,19/11/2021
494,835,238,19/11/2021
495,197,154,19/11/2021
496,157,52,19/11/2021
497,835,98,19/11/2021
498,588,55,19/11/2021
499,517,100,19/11/2021
500,584,124,19/11/2021
501,684,233,20/11/2021
502,361,287,20/11/2021
503,596,105,20/11/2021
504,486,107,20/11/2021
505,796,239,20/11/2021
506,606,300,20/11/2021
507,826,184,20/11/2021
508,184,208,20/11/2021
509,531,61,20/11/2021
510,196,288,20/11/2021
511,280,236,20/11/2021
512,275,145,20/11/2021
513,309,223,20/11/2021
514,31,243,20/11/2021
515,788,82,20/11/2021
516,40,225,20/11/2021
517,781,197,20/11/2021
518,736,72,20/11/2021
519,442,290,20/11/2021
520,787,258,20/11/2021
521,403,228,20/11/2021
522,29,74,20/11/2021
523,33,183,20/11/2021
524,545,215,20/11/2021
525,534,268,20/11/2021
526,68,243,20/11/2021
527,792,218,20/11/2021
528,565,232,20/11/2021
529,236,274,20/11/2021
530,241,138,20/11/2021
531,819,153,20/11/2021
532,486,52,20/11/2021
533,682,282,20/11/2021
534,605,76,20/11/2021
535,173,156,20/11/2021
536,236,276,20/11/2021
537,305,273,20/11/2021
538,428,57,20/11/2021
539,625,110,20/11/2021
540,500,211,20/11/2021
541,672,216,20/11/2021
542,783,291,20/11/2021
543,134,233,20/11/2021
544,574,274,20/11/2021
545,161,241,20/11/2021
546,150,59,20/11/2021
547,136,147,20/11/2021
548,392,151,20/11/2021
549,786,128,20/11/2021
550,381,194,20/11/2021
551,78,68,20/11/2021
552,762,258,20/11/2021
553,587,197,20/11/2021
554,435,72,20/11/2021
555,792,221,20/11/2021
556,740,98,20/11/2021
557,791,186,20/11/2021
558,833,157,20/11/2021
559,432,95,20/11/2021
560,284,258,20/11/2021
561,664,297,20/11/2021
562,593,94,20/11/2021
563,709,275,20/11/2021
564,31,146,20/11/2021
565,281,189,20/11/2021
566,785,58,20/11/2021
567,634,294,20/11/2021
568,219,245,20/11/2021
569,726,259,20/11/2021
570,539,151,20/11/2021
571,6,278,20/11/2021
572,607,261,20/11/2021
573,665,66,20/11/2021
574,22,268,20/11/2021
575,338,300,20/11/2021
576,501,247,20/11/2021
577,385,196,20/11/2021
578,660,215,20/11/2021
579,284,178,20/11/2021
580,477,206,20/11/2021
581,316,144,20/11/2021
582,194,200,20/11/2021
583,594,185,20/11/2021
584,47,191,20/11/2021
585,68,168,20/11/2021
586,74,88,20/11/2021
587,749,217,20/11/2021
588,832,154,20/11/2021
589,630,108,20/11/2021
590,704,147,20/11/2021
591,819,120,20/11/2021
592,765,83,20/11/2021
593,175,210,20/11/2021
594,788,71,20/11/2021
595,410,188,20/11/2021
596,850,180,20/11/2021
597,73,130,20/11/2021
598,463,144,20/11/2021
599,306,256,20/11/2021
600,136,124,20/11/2021
601,72,69,21/11/2021
602,63,59,21/11/2021
603,730,178,21/11/2021
604,764,252,21/11/2021
605,592,238,21/11/2021
606,725,295,21/11/2021
607,503,202,21/11/2021
608,628,159,21/11/2021
609,764,275,21/11/2021
610,197,260,21/11/2021
611,499,240,21/11/2021
612,181,99,21/11/2021
613,60,114,21/11/2021
614,689,296,21/11/2021
615,685,104,21/11/2021
616,160,292,21/11/2021
617,458,69,21/11/2021
618,245,56,21/11/2021
619,829,80,21/11/2021
620,337,117,21/11/2021
621,91,267,21/11/2021
622,515,111,21/11/2021
623,555,286,21/11/2021
624,599,270,21/11/2021
625,24,61,21/11/2021
626,40,126,21/11/2021
627,690,101,21/11/2021
628,671,263,21/11/2021
629,476,72,21/11/2021
630,676,105,21/11/2021
631,733,297,21/11/2021
632,408,183,21/11/2021
633,794,165,21/11/2021
634,466,275,21/11/2021
635,660,60,21/11/2021
636,726,173,21/11/2021
637,713,53,21/11/2021
638,132,96,21/11/2021
639,151,93,21/11/2021
640,696,224,21/11/2021
641,439,92,21/11/2021
642,686,162,21/11/2021
643,805,153,21/11/2021
644,268,58,21/11/2021
645,144,56,21/11/2021
646,668,137,21/11/2021
647,228,188,21/11/2021
648,102,58,21/11/2021
649,508,143,21/11/2021
650,844,87,21/11/2021
651,512,252,21/11/2021
652,570,197,21/11/2021
653,295,196,21/11/2021
654,728,72,21/11/2021
655,277,291,21/11/2021
656,222,268,21/11/2021
657,129,163,21/11/2021
658,273,177,21/11/2021
659,677,135,21/11/2021
660,353,124,21/11/2021
661,315,66,21/11/2021
662,93,254,21/11/2021
663,706,155,21/11/2021
664,509,61,21/11/2021
665,92,108,21/11/2021
666,416,130,21/11/2021
667,90,227,21/11/2021
668,8,225,21/11/2021
669,655,79,21/11/2021
670,824,226,21/11/2021
671,416,194,21/11/2021
672,320,59,21/11/2021
673,408,94,21/11/2021
674,229,205,21/11/2021
675,783,261,21/11/2021
676,187,212,21/11/2021
677,683,176,21/11/2021
678,462,262,21/11/2021
679,355,158,21/11/2021
680,434,167,21/11/2021
681,306,93,21/11/2021
682,701,160,21/11/2021
683,46,147,21/11/2021
684,631,270,21/11/2021
685,85,113,21/11/2021
686,276,75,21/11/2021
687,704,144,21/11/2021
688,12,286,21/11/2021
689,641,63,21/11/2021
690,363,203,21/11/2021
691,695,160,21/11/2021
692,176,150,21/11/2021
693,316,151,21/11/2021
694,101,289,21/11/2021
695,833,110,21/11/2021
696,399,151,21/11/2021
697,605,230,21/11/2021
698,20,247,21/11/2021
699,841,209,21/11/2021
700,708,132,21/11/2021
